algorithm,elapsed_sec,cpu_sec,cpu_utilization_pct,rss_before_mb,rss_after_mb,rss_delta_mb,tracemalloc_peak_mb,cube_rows,output_storage_kb,run_id,repeat,dataset_rows,seed,data_path,raw_limit,clean_rows,min_sup
Star-cubing baseline,403.231439,337.796875,83.772,453.66,486.543,32.883,41.854,50583,1636.146,1,1,1000000,20260418,data\pos_data.csv,1500000,1488881,18000000.0
Star-cubing enhanced,39.952155,35.984375,90.069,458.172,483.965,25.793,41.521,50851,1645.164,2,1,1000000,20260418,data\pos_data.csv,1500000,1488881,18000000.0
BUC,209.483034,171.953125,82.085,460.984,479.945,18.961,42.342,52182,1688.813,3,1,1000000,20260418,data\pos_data.csv,1500000,1488881,18000000.0
Bottom-up,726.23555,609.640625,83.945,461.559,485.375,23.816,53.573,52182,1688.813,4,1,1000000,20260418,data\pos_data.csv,1500000,1488881,18000000.0
