algorithm,elapsed_sec,cpu_sec,cpu_utilization_pct,rss_before_mb,rss_after_mb,rss_delta_mb,tracemalloc_peak_mb,cube_rows,output_storage_kb,run_id,repeat,dataset_rows,seed,data_path,raw_limit,clean_rows,min_sup
Star-cubing baseline,5621.55134,5559.09375,98.889,1307.535,1357.078,49.543,85.287,57637,1925.487,1,1,4962783,20260418,data\pos_data.csv,5000000,4962783,18000000.0
Star-cubing enhanced,166.443813,164.65625,98.926,1311.645,1338.863,27.219,46.627,57252,1912.99,2,1,4962783,20260418,data\pos_data.csv,5000000,4962783,18000000.0
BUC,942.883702,933.953125,99.053,1312.32,1333.125,20.805,100.344,57637,1925.487,3,1,4962783,20260418,data\pos_data.csv,5000000,4962783,18000000.0
Bottom-up,3005.632856,2980.703125,99.171,1311.605,1333.352,21.746,87.717,57637,1925.487,4,1,4962783,20260418,data\pos_data.csv,5000000,4962783,18000000.0
