algorithm,elapsed_sec,cpu_sec,cpu_utilization_pct,rss_before_mb,rss_after_mb,rss_delta_mb,tracemalloc_peak_mb,cube_rows,output_storage_kb,run_id,repeat,dataset_rows,seed,data_path,raw_limit,clean_rows,min_sup
Star-cubing baseline,81.262886,79.625,97.984,1307.109,1348.559,41.449,50.851,57202,1911.252,1,1,4962783,20260418,data\pos_data.csv,5000000,4962783,18000000.0
Star-cubing enhanced,245.856225,241.078125,98.057,1315.121,1341.445,26.324,46.627,57252,1912.99,2,1,4962783,20260418,data\pos_data.csv,5000000,4962783,18000000.0
BUC,1381.074542,1347.5,97.569,1314.453,1342.559,28.105,100.344,57637,1925.487,3,1,4962783,20260418,data\pos_data.csv,5000000,4962783,18000000.0
Bottom-up,3015.18103,2980.28125,98.843,1317.18,1344.801,27.621,87.717,57637,1925.487,4,1,4962783,20260418,data\pos_data.csv,5000000,4962783,18000000.0
