algorithm,elapsed_sec_mean,cpu_sec_mean,tracemalloc_peak_mb_mean,output_storage_kb_mean,cube_rows_mean
Star-cubing baseline,81.262886,79.625,50.851,1911.252,57202.0
Star-cubing enhanced,245.856225,241.078125,46.627,1912.99,57252.0
BUC,1381.074542,1347.5,100.344,1925.487,57637.0
Bottom-up,3015.18103,2980.28125,87.717,1925.487,57637.0
