algorithm,elapsed_sec_mean,cpu_sec_mean,tracemalloc_peak_mb_mean,output_storage_kb_mean,cube_rows_mean
Star-cubing enhanced,39.952155,35.984375,41.521,1645.164,50851.0
BUC,209.483034,171.953125,42.342,1688.813,52182.0
Star-cubing baseline,403.231439,337.796875,41.854,1636.146,50583.0
Bottom-up,726.23555,609.640625,53.573,1688.813,52182.0
