algorithm,elapsed_sec_mean,cpu_sec_mean,tracemalloc_peak_mb_mean,output_storage_kb_mean,cube_rows_mean
Star-cubing enhanced,166.443813,164.65625,46.627,1912.99,57252.0
BUC,942.883702,933.953125,100.344,1925.487,57637.0
Bottom-up,3005.632856,2980.703125,87.717,1925.487,57637.0
Star-cubing baseline,5621.55134,5559.09375,85.287,1925.487,57637.0
